url,isAlive
humanshade.com,false
hex.pm,true
teaminsightextra.com,true
nikefreeruns.uk,false
fictionfun.net,false
speedrun.com,true
copyrevo.jp,false
paintsprayer.co.uk,true
tamaliver.jp,true
investireoggi.it,true
kaitekichan.com,true
osho-fragrance.com,true
alaskahollyhouse.com,false
dcps.k12.va.us,false
diabetika.hu,true
atvrom-ploiesti.ro,true
randobel.be,true
lesbellesannees.com,false
loveartlab.me,true
atc-network.com,true
fitpromag.com,false
sportsperformancepark.com,true
nsyard.shop,false
link-kobo.com,false
blastcoding.com,true
iidasangyo.co.jp,true
arabianaerospace.aero,true
dekapolice.gr,false
globoport.hu,false
satranc.biz,false
trangvangmuaban.com,false
ochrehealth.com.au,true
yushu.co.jp,false
oom2.com,true
magdastawska.pl,false
zkoss.org,false
eyny.com,true
hamaseimaru.net,false
dailyworld.com,true
mai-bun.com,true
gdd.de,true
itpc-media.net,true
olive-hitomawashi.com,true
freeq-life.com,true
airteamimages.com,true
mattmumfordgolf.com,true
bikeworldusa.com,true
le-pays.fr,true
vashsad.ua,false
rspca.org.au,true
kentwood.us,true
doz.pl,true
onedigitaluk.com,true
edmarq.cz,true
paijannepurjehdus.fi,true
icanparty.ca,false
tbm.org.tr,false
wearethefrontier.com,true
kaihuuinternet.work,false
snagging.org,true
zipangguide.com,false
schwab.de,true
makeupkawaii.site,false
civfanatics.com,true
kargohaber.com,true
dobrevesti.rs,true
entametopics.com,false
drawing.jp,false
hearingcoach.com,false
marcopolopublications.com,false
superdete.com,true
data.govt.nz,true
swissbib.ch,true
xn--max-rj4bjgb5d00a1a1fbcb.com,true
lawson-arbeit.net,false
meioemensagem.com.br,true
allsaintsmargaretstreet.org.uk,true
unatia.net,true
dortmundecho.org,true
horseriding.cz,true
worcesternews.co.uk,true
coopdye.com,true
keepwolvesprotected.com,false
246g.com,true
ccgi-research.com,true
urban-navi.info,false
ferienhaus-canarias.net,true
oncotrends.de,false
0xfeedface.org,false
revistahabitat.com,false
motorsport-magazin.com,true
ivany.org,false
maxi-design.jp,true
mass.edu,false
testfreaks.es,false
institut-francais.lv,false
westerntelegraph.co.uk,true
xn--w8jta3u6aza3gvc0qwbh84891a.com,false
macrovoices.com,true
lovexposedphotography.com,true
tourismauthority.go.ke,true
dokry.com,true
listrikindonesia.com,false
planetside-universe.com,true
ostrovets.gov.by,true
markthatsold.ca,false
buniffuciy.ru,true
girlsnews.tv,true
mobileways.de,false
hawaii.gov,true
calciopress.net,false
fiocruz.br,true
themissouritimes.com,true
sitemasters.be,true
info--review.com,true
havet.nu,true
gtamp.com,true
kotonohanoana.com,true
fixmystreet.com,true
netrunnerdb.com,true
kuforum.co.uk,false
esut.de,true
bach51.com,false
omropfryslan.nl,true
laughterthroughtearsblog.com,true
talentorest.com,true
nakaken88.com,true
enmtools.blogspot.com,true
shinrabanshow.com,true
rizkymirgawati.com,false
cnpq.br,false
gridsome-starter-bleda.netlify.com,true
aikido-crimmitschau.org,true
noblogs.org,true
strangelove-records.com,false
money1.jp,true
10nengo.com,true
pikaichi.info,false
newpittsburghcourier.com,true
maxmasters.com.ar,true
bowls.com.au,true
userecho.com,true
tradearabia.com,false
educpros.fr,false
wotblitz.com,true
ccusa.com.au,true
tfcufinancialadvisors.org,true
elparaguasgt.com,true
grupvivo.es,false
homedizainer.ru,false
qualitel.org,true
ixtheo.de,true
ch-sakura.jp,false
thestate.com,true
crw-hoshizora.net,true
panacee.jp,true
christkindlmarkt.cc,false
unilang.org,true
yu-gi-oh.xyz,true
carolgancia.com,true
hypnotherapy-directory.org.uk,true
lotie.com,false
artemidanews.gr,true
legastronomesexy.com,true
notforprint.co,true
fast-rewind.com,false
crobroblog.com,true
vrnetwork.org,true
akitafes.com,true
ceconn.com,true
sirabee.com,true
nyaa.si,true
2ndchanceuk.org,true
fukubukurolove.info,false
hanaza.jp,true
indiapost.com,true
sheriffmarshallcounty.org,true
tv3.lt,true
animepress.net,true
toplien.fr,true
ural-sb.ru,true
news-press.com,true
ccmm.ca,true
lilallstars.org,false
azadliq.az,true
sukkaperpdee.jp,true
bethlehemfairtrade.org,true
momtastic.com,true
chantierecole.org,false
halesowennews.co.uk,true
iesob.org.tr,true
cambrils.cat,false
numberplace.org,false
pokupkiudachno.ru,true
messerforum.net,true
blogzimbalam.it,false
marineengine.com,true
chris-hemsworth.net,true
misapellidos.com,true
3dfxzone.it,false
newsleader.com,true
hillsdale.net,true
cibubur.com,false
gustos.ro,true
nbcnews.com,false
grepolis.com,true
uniqure.jp,true
hummerclubrus.ru,true
lmfdb.org,true
ukri.org,true
sense-pro.org,false
myhomeurukothu.net,true
livepocket.jp,true
opendataportal.at,true
historivia.com,true
eqe.ge,true
kentucky.com,true
ird.govt.nz,true
officialblog.jp,false
rspba.org,true
mercedsunstar.com,true
airily.jp,true
hanadmade-bejewel.com,true
verdeweb.jp,true
mercedesgla.com,true
jktec.com,true
reutersagency.com,false
kijkfilmsonline.nl,false
fronteradigital.com.ve,true
j-proud.com,true
cstarleague.com,true
recruitingblogs.com,true
gizmodo.com.au,true
piapro.jp,true
letsgodogging.com,true
chemteacher.org,true
oronain1919.com,false
groupecsgl.com,false
iraqdailyjournal.com,true
net-maquettes.com,true
st-hitorigoto.com,false
water-server.biz,true
llvm.org,true
nocutnews.co.kr,true
herrondh.com,false
photoshopworld.ru,false
hentaigay.com.br,true
todayenergy.kr,true
pcgamer.com,true
bunshun.jp,true
rctcyellowjackets.com,false
yarikuri-turbo.com,true
islington.gov.uk,true
decanterchina.com,false
udn.vn,false
fullforce-pro.com,false
uncannyxmen.net,true
op-online.de,true
insidemacgames.com,false
niooz.fr,true
892copy.jp,true
controlbooth.com,true
bienesonline.com.ar,true
elta90mr.ro,true
grapeseedbistro.com,true
medplusstaffing.cc,true
lhv.nl,true
martinschools.org,false
de-saint-roman.fr,false
klikpositif.com,false
getnavi.jp,true
good-charism.com,true
orfeaslefkada.gr,false
redbanned.com,true
ville-dugny.fr,true
californiaglobe.com,true
jewishencyclopedia.com,false
read7deadlysins.com,true
hagi.life,true
shbp.ru,false
ndl.go.jp,true
ekypros-news.com.cy,true
thamilnattu.com,false
scoutsengidsenloonbeek.be,true
dashnetwork.info,false
thrive-nutrition.co.uk,false
allabout.co.jp,true
bulbagarden.net,true
compare-school-performance.service.gov.uk,true
billboard-japan.com,true
reuters.tv,true
northeastshooters.com,true
diccionarios.com,true
userbars.be,true
brushlovers.com,false
dearmerebeth.com,false
autoelectricsupplies.co.uk,true
ko-gubako.com,true
botamochi8.com,true
marciastrykowski.com,true
museodeldibujo.com,false
komatsu162.com,true
oneplusone-group.jp,true
time-piece.net,false
treees.org,true
mortezamotahari.com,false
monhaco.com,true
elbaixllobregat.cat,false
yossense.com,true
nyspha.org,true
daridaridari.com,false
mypl.jp,true
burytimes.co.uk,true
warfield.ro,false
ticoracer.net,false
offshoreonly.com,true
turismoytecnologia.com,true
dengekionline.com,true
dorogomilovo.info,false
toyota-retailers.co.uk,false
120w.nl,true
drupalcoin.io,false
drevohracky.cz,true
stilmedia.ro,false
sdbg.github.io,true
patagoniaprovisions.com,true
office-plus.jp,false
apnea.co.il,true
huncyclopedia.com,true
mir-svadba.ru,false
andorejr.com,true
ytranking.net,true
2cqr.co.in,false
epsnews.com,false
asperansa.org,true
wimsradio.com,true
weborama.fr,true
wiadomosci.com,true
tarohiro.com,false
tekito-ru.com,true
bokunoseikatsu.com,true
suchelove.de,false
harptabs.com,true
vikrutka.kiev.ua,true
trending-uk.com,true
blouinnews.com,false
stsilasprimary.co.uk,true
bensonsforbeds.co.uk,true
zowe.org,true
bgezik.info,true
sunshine-hall.com,true
rincondelvago.com,true
panpilog.com,true
vortis.jp,true
threadsofgold.info,false
fc-taka.net,true
caesartour.it,true
yhager.com,true
s-oman.net,false
plateabaja.com,false
fireflylectures.com,false
profesionaleshoy.es,true
medakaholidays.com,true
chiapas.eu,true
oyakutachi-jouhou.com,true
kensetsunewspickup.blogspot.com,true
oldpalaceguesthouse.co.uk,true
actionimages.com,false
myturknet.com,true
dinartube.com,true
theoldfellowgoesrunning.com,true
badr.cc,true
virus2removal.com,false
maky-jyuku.com,false
piscinas.com,true
freiberg.com.ar,false
yu-kinosirusi.com,true
tchncs.de,true
iwais.org,true
atom.io,true
seibo-archive.com,true
ctpodcasting.com,true
puzzle-ya.com,false
rob-blokzijl-foundation.org,true
battlehouse.com,true
inventorpro.com,false
damda.uz,true
carcinisation.com,true
getthechance.wales,true
aki-to-hiro.tokyo,true
expub.net,false
yamashiroya.biz,true
styxit.com,true
raintoy.com,true
hikakujoho.com,true
fp-kissa.com,true
illustplaza.com,true
druzya.com,false
xn--gmqzf20aqf36clpj924a3law4sy7s.xyz,false
paulissakippisms.com,false
sanctionsalert.com,true
svsd410.org,false
212areacode.com,false
tigernet.com,true
whyweprotest.net,true
osrsadvice.com,true
the-big-bang-theory.com,true
denns-biomarkt.de,true
city-moda.cz,true
advancedphotoshop.co.uk,true
ocdsb.ca,true
pocoapocokyoto.com,true
mit-license.org,false
suamaytinhhaiphong.com,true
xn--pckhn6qwa9bw091b5jnuo4dopq.biz,false
nolo.com,true
opensource.guide,true
rcvskblog.org,false
groovinmoms.com,true
brandweekmoy.com,false
find-job.net,true
the-writers-block.net,true
bittersweet-now.net,true
mishacomposer.com,false
tourisme93.com,true
vitaminov.net,true
boot-loader.com,true
hadairopink.com,true
trimbos.nl,true
sugabre.com,false
freeorion.org,true
leava.fr,false
civilwartalk.com,true
foksuk.nl,false
hdqyf.club,true
wdwforgrownups.com,true
providence-color.xyz,true
puromarketing.com,true
insideocb.com,true
radiopiekary.pl,true
sophiality.net,true
cdcnet.net,true
sched.com,false
africaguinee.com,true
allotmentnotes.com,true
technicien-aeronautique.com,true
supput-diet.xyz,false
plus-report.net,true
dwp.gov.uk,false
supergewinne.de,true
5seconds.fr,false
3fatchicks.com,true
huntingnet.com,true
providenceschools.org,false
mets-art.com,false
vidi.hr,true
kredigundemi.com,true
ipe.com,true
krateng.ch,false
frizieris.lv,true
thegreyhoundrecorder.com.au,true
musicbrainz.org,true
europeche.fr,true
hexagonppm.com,true
plutonlogistics.com,true
coloringcrew.com,true
agencedevillennes.com,false
academiapress.be,true
hmcpl.org,true
ehonnavi.net,false
pojdnavino.cz,true
pdv.com.hr,true
marvelley.com,false
the-timely.com,false
seanmgallagher.com,true
askindustrynews.com,true
visite.org,false
corbett.k12.or.us,true
ni.com,true
szepsegegeszseg.hu,true
ripley.com.pe,true
elcomercial.com.ar,false
159ers.com,true
xn--z0qz96aehc2s3a175a.net,true
sdthailand.com,true
ascii.jp,true
cbdcycles.com.au,true
jeparaantiquefurniture.com,true
shindanmaker.com,true
powder.media,true
bizstats.co.uk,true
smart-toolgroup.com,true
fornex.com,true
biotec.or.th,false
neko-channel.net,true
yarnpkg.com,true
box-look.org,true
dolphinstreet.com,true
4mepro.es,true
mercadolibre.com.mx,true
di-van-plus.ru,true
spainbdsm.com,false
fujitv.co.jp,false
focusky.com,true
cosmopolismedia.it,true
bidbomb.com,true
cil-hikousen.jp,false
dazebaonews.it,true
thepeoplechronicles.com,false
goma.pw,true
ourtravelersrest.com,false
bahiaempauta.com.br,false
forshoppingassemblyjp.biz,true
lesalonbeige.fr,true
tanjereendesign.com,true
teaching-vacancies.service.gov.uk,true
zombiesurvivalcrew.com,false
actu.fr,true
lapapeleta.cu,false
pointsite-kouryaku.info,true
rositeh.si,true
tnojima.net,false
wpblog.jp,false
highlander.tf,true
parentinginottawa.ca,false
mondialisation.ca,true
myfantasyleague.com,true
memora.es,true
unja.ac.id,true
koinu365.com,true
agocontrol.com,true
atomos.com.mx,true
fayobserver.com,true
xdomain.jp,false
hongwrong.com,false
foro-pagando.com,false
kulturlimited.com,true
billfew.com,true
casphy.com,false
cyber-technews.com,false
sourcinginnovation.com,false
entornografico.es,true
campigliamarittima.li.it,false
honyaclub.com,false
pokapoka-smile.com,true
xbookmarking.com,false
tweaktown.com,true
packwoodhousemuseum.com,true
tariqzone.com,true
steppingstonechiropractic.com,true
doyl.in,false
sreejithpanickar.com,true
minamisadochikushokokai.com,true
massrealestatelawblog.com,true
isthereanydeal.com,true
com-sub.info,true
seer1118.work,true
wakuwakutesou.com,true
bgvesti.net,false
weser-kurier.de,true
cultura.pe,false
enricbarba.com,false
infoplease.com,true
tips2-remove.com,false
webhiden.jp,true
sostegnoezucchero.org,false
mooreschools.com,false
garden-av.com,false
okxo.fr,true
uaplace.com,true
octodon.social,true
roboma.io,true
stourbridgenews.co.uk,true
aoa.org,true
vontobel.com,false
movistarplus.es,false
interstation.co.jp,true
generation-nt.com,true
airtasker.com,true
catherinearcelon.com,true
arnnet.com.au,true
mcadcafe.com,false
dutchopeners.com,true
maiyoko.com,true
cocoa24reds.com,false
archiveofourown.org,true
wabco.co.za,true
xn--d-veu0d0b.net,true
fetish-bbs.com,true
scacchipugilato.it,false
just-auto.com,false
nurse-onlineshopping.com,true
swarthmorefinancial.com,false
lazybadger.co.uk,true
ontheissues.org,true
gametoast.com,true
mmaworldnews.com,false
gw2style.com,true
communitycare.co.uk,true
pmh-filter-service.de,true
betsylerner.com,true
putnami.org,false
web-bruno.com,true
comichara.com,false
pet-family.info,true
listetrillium.ca,false
book-onlinenow.net,true
album.ee,true
txcte.org,true
cosmereviews.com,true
dredgingtoday.com,true
flightcentre.com,true
crsp.org,false
anatomy1.net,true
toshitoshi.info,true
igrandtheftauto.com,true
sunnycamp.dk,true
cursostablet.com,true
myrtlebeachonline.com,true
curentul.md,false
haibarashigeru.com,true
githubstatus.com,true
ibm.org,true
fukuoka-kohana.com,true
grosfillex.com,true
stedenbouw.nl,true
lexlaw.co.uk,true
baito-sagashi.com,true
multibriefs.com,true
skoda.nl,true
almasryalyoum.com,true
mikuia.tv,true
gmpcapital.com,true
mincotur.gob.es,false
orbisbooks.com,true
nanababycarrier.com,true
hanes.com,false
safeguardingsomerset.org.uk,true
prom-zip.ru,false
mauriziolucca.com,true
denkaseihin.com,false
not-bee.info,true
hatenadiary.org,false
libhunt.com,true
sikhphilosophy.net,true
british-history.ac.uk,true
socionauki.ru,false
perniknews.com,true
sunalog.net,true
ilius.net,false
plati.ru,true
cleveland.com,true
mitene.us,true
lcscomic.com,false
4gamez.de,true
rahula.club,true
cornerstonelifewealth.com,false
barcaforum.com,true
social908.com,false
tukanek.cz,true
nurturingourcreativity.com,true
wktk.so,true
babybareshoes.sk,true
daifukufuku.com,false
mumura.de,true
y31.com,false
tatami1.com,false
torgersonfh.com,true
altaron.pl,true
elizabethjarrettandrew.com,true
omutudata.com,true
modena2000.it,true
celtimo.fr,false
fobomade.org.bo,false
banknoteindex.com,true
stampcircuit.com,true
charlotteobserver.com,true
abrsm.org,true
elder-mediation.com.au,true
onedirect.es,true
nominate.com,true
gta5-mods.com,true
ageman.in,true
packagist.org,true
greenheck.com,false
kingphilip.org,false
shop-bell.com,false
soranoki.info,true
new5.info,false
riche-beni.com,false
avatars3.githubusercontent.com,true
hippy.jp,false
downtownsby.com,false
mart-e.be,true
linecorp.com,true
alessiacarabrasil.com,true
rogalia.ru,true
alternativeto.net,true
beslist.be,false
ruwings.ru,false
googlevisitor.com,true
la-bible.net,false
noahname.com,true
twittascope.com,true
nakano217.com,true
misimagenesde.com,true
motherwelltimes.co.uk,false
kosodate-info.com,false
boxtec.ch,true
webhost.ie,false
liblo.jp,false
npcdataguard.com,true
24hgold.com,false
is-programmer.com,false
bambini.eu,false
guildfordsailing.org,true
techinsight.jp,false
naru-hodo.com,true
elektronickeknjige.com,true
vtc.edu.hk,false
gordonbrothers.co.uk,true
github.community,true
atlantapublicschools.us,false
autocosmos.cl,true
caribbeanedition.com,true
journalducameroun.com,true
1obuv.cz,true
letsbonus.es,true
xn--u9jy52g93tswfvja565euycs0tba5764a.com,false
baseballprospectus.com,false
sprecherdatei.de,true
hamatokotan.com,true
the-west.nl,true
propertyweek.com,true
ship-of-fools.com,false
rankwise.net,true
kazeo.com,false
weibold.com,true
mairie-tesson.fr,false
gamebanana.com,true
gunforums.net,true
codepoints.net,true
brandillumination.com.au,true
hatenadiary.jp,false
hurstknollschool.org.uk,true
fifa-infinity.com,true
byswav.com,true
dwango.co.jp,true
ziezon.nl,true
saku13245.com,false
beautycosme4.club,true
qns.com,false
centr-tuning.ru,false
github.blog,true
mobilepay.dk,true
eurosmith.net,false
1tourdhorizon.com,true
nosolosig.com,false
baclofene.com,false
commercialfleet.org,true
anuraglakshya.com,true
d-search.info,false
nayaritaltivo.com.mx,true
henryjacksonsociety.org,true
autocosmos.com.mx,true
pyvideo.org,true
st-palm.com,true
mjshareholders.com,true
xn--pck5fmai4508dnjua.net,false
edupln.com,false
cycletownstudio.com,true
bild.de,true
richhomeless.jp,true
tiendasurf.online,false
greenlawnfuneralhome.com,true
futanaripalace.com,true
beauty-adviser2.com,false
ephotozine.com,true
worldwar1luton.com,true
pilotopolicial.com.br,true
dra.gov.pk,true
edcforums.com,true
mfarag.com,true
chobi.net,true
sporthorse-data.com,true
s-stocks.com,true
antinews.gr,false
ioncoja.ro,true
non-stop-people.com,true
xn--n8j6dph8b8px95su40akj9f.com,false
pirateboard.net,true
spectator.com.au,true
is-bad.com,false
nobori-u.com,false
fertilab.net,false
canottaggiopiemonte.it,false
kotlolux.com.ua,true
hawaiian-hula.net,true
nacional.hr,true
ecartorios.com,true
testeandosoftware.com,true
flostoffner.com,false
consumidoresasociados.cl,true
mcu.es,false
chillicothegazette.com,true
offroad-ed.com,true
soleluna.com,true
whispa.org,true
lianamir.com,true
deutschefotothek.de,true
mymusic.travel,true
astrosage.com,true
ntsw.pl,false
immobiliareilpentagono.it,true
orberbeta.com,true
techdata.co.uk,false
d-conceptstore.com,false
jenkins-ci.org,true
dovepro.net,false
broadband-square.com,true
sciencenode.org,true
visitusaparks.com,true
quatangthanhduc.vn,false
macon.com,true
brownwoodchamber.org,false
housefoods.jp,true
baressp.com.br,true
musicpv.jp,false
budfit.info,true
anekaatap.com,true
unixforen.de,false
thates.com,true
types-project.eu,false
sefindia.org,true
eawnetwork.com,true
appspy.com,true
man.poznan.pl,false
wayneyellottgolf.co.uk,false
tt-garret.com,true
hcpress.com,true
wetter-deutschland.com,true
hawkeyebrokerage.com,false
malbugercentrodeportivo.com,false
lernerbooks.com,true
ggdghorkennisnet.nl,true
notedetengas.es,false
slowrobot.com,true
fonografos.net,true
dobryjlikar.com,false
overclock3d.net,true
yama-haru.jp,true
webutuckschools.org,false
ecnu.edu.cn,false
actuell24.de,true
norbrygg.no,true
barter.vg,true
fusd1.org,false
flamingtext.com,true
hitotsu-dake.net,true
revistaascenso.com.ar,false
digischool.fr,true
p-o.co.uk,true
gastronomieguide.de,true
weather.us,true
ajinokincon.co.jp,true
unknowncheats.me,true
potworek.com,true
buyur-indir.com,true
idempiere.org,false
kakucheba.com.ua,false
nowymarketing.pl,true
telma.com,true
bcsteenwijkerland.nl,true
portlandmaine.gov,true
distinctlywestcountry.com,true
placesonline.com,true
078.com.ua,true
estreal.jp,false
xbox-mag.net,true
loveliveforever.net,false
irishenvironment.com,false
trade-king.biz,true
spie.com,true
kropsguiden.dk,true
paine0602.com,true
cctvnews.co.kr,true
wiryanto.blog,true
dabacon.org,true
daocoto.com.vn,false
amarokforum.ru,true
inautia.it,true
nornik.ru,true
programaibermedia.com,true
april.org,true
galenagazette.com,true
bih-mne.org,true
pokerdicas.com,true
mawdoo3.com,true
hutte8to8.in,false
dnb.com,true
dom.as,true
cosme-tantei.com,true
lovpet.tw,true
dubbningshemsidan.se,true
voresvilla.dk,true
therockinghorse-nursery.com,true
viperclub.org,true
dmmco.jp,true
blokan.jp,true
fluxbb.org,true
piantevivai.it,false
francebleu.fr,true
sasakitime.com,false
business.qld.gov.au,true
wormbase.org,true
norecopa.no,true
newsabe.com,true
okayama-u.ac.jp,false
37toki.com,true
luc.edu,true
impactarts.co.uk,true
internetpharmacydir.com,false
indiamart.com,true
onlinemarktplatz.de,true
thisislancashire.co.uk,true
takieproste.pl,false
launion.com.mx,true
fedsmith.com,true
recife.pt,false
qxl.dk,true
visuellesynonyme.com,true
marugotokochi.jp,true
harrowtimes.co.uk,true
farmanager.com,true
trampclub.ru,true
twmu.ac.jp,false
simple-wallet.net,true
state.co.us,false
promojapan.jp,true
sonicretro.org,true
ausha.co,true
autokolo.com,true
mukumuku-times.net,true
apics-online.info,true
kommunistische.org,true
ocaml.org,true
newstimes.com,true
tvtechnology.com,true
tefter.io,true
shyoku.com,true
songbay.co,true
wikiru.jp,true
blogcircle.jp,true
personcountylife.com,false
ota-news.com,false
golem.de,true
stornowaygazette.co.uk,false
ficansouth.fi,true
mercadolibre.cl,true
luxlux.pl,false
mstdn.jp,true
stadtplan.net,false
sanisidro.gob.ar,false
xn--n8jhl5j8ltcwezwp63tlwyb.jp,false
uc.edu,true
conflictofinterestblog.com,true
toeictaisakukouza.com,false
recyclekk.net,true
lavozdeasturias.es,false
mstdn.mx,true
julkari.fi,true
highbitcoins.com,false
broadinstitute.org,true
recipecommunity.com.au,true
parksforlondon.org.uk,true
mikotoniomakase.work,false
prestosports.com,true
shugei.or.jp,false
salisburyjournal.co.uk,true
tlaxcala-int.org,false
ofsted.gov.uk,false
tubemuzik.com,true
claytonschools.net,false
gnome-look.org,true
yosemi-7.com,false
pfirs.org,true
otoko-seiketsu.com,true
innovations-report.com,false
theledger.com,true
institutdelteatre.cat,true
xn--o9j0bk4571bg9vjz7bjjl.net,true
alfajertv.com,true
conwaylife.com,true
sunnythoughts.com,false
outisaron.com,false
alnaharegypt.com,true
happycafe.site,true
dorasutanavi.com,true
sau50.org,false
sej.co.jp,false
gala.fr,false
dokodem.net,true
playak.com,true
dietketo.website,true
icooon-mono.com,true
llinarsdelvalles.cat,true
dental-tribune.com,true
bronxchiro.com,true
hitchhackerguide.com,true
boy-lornsen-grundschule.de,true
freeneet.com,true
sendiroo.de,true
lewes-eastbourne.gov.uk,false
designsalonboston.blogspot.com,true
michaelkorshandbagssale.in.net,false
nile-company.org,true
anizone.net,false
louisvuittonlvoutlet.us.com,true
ray-bansunglasses.net.co,true
cheap-oakleysunglasses.us.com,false
fitflops.us,true
the-north-face.co.uk,false
canadagooseoutlet-store.com.co,false
nike-high-heels-online.com,true
autoservicepraxis.de,true
globalrailwayreview.com,true
converse--shoes.com,false
google-clean1.com,true
coachoutletstoreonlineclearances.eu.com,false
toms.us.com,false
meteolink.nl,true
michaelkorsoutlet-onlinestores.us.com,true
fcnsc.net,true
uggoutletonlineclearance.net.co,false
longchamphandbags.us.com,false
shintani-k.co.jp,false
hermesbelt.in.net,true
cheap-snapbacks.us.com,false
michaelkorsoutletcanada.in.net,false
uggs-onsale.eu.com,false
babyliss.us.com,false
m-aka.com,true
airjordan-14.us,false
mont-blancpens.com.co,true
motorcanalsbalil.no-ip.info,false
uggs.me.uk,true
cheapnfljersey-outlet.com,false
interweavestore.com,false
minfin.gob.gt,false
michaelkors-outlet.us.org,false
newbalanceshoes.in.net,false
nfljerseyswholesales.us,false
pumaoutletstore.us.com,true
toms-outlet.com.co,true
moncleroutlet.me.uk,true
louisvuitton.us.com,false
coachfactory-outlet.in.net,true
adidas-eqt.us.com,true
marcjacobshandbagsoutlet.net,false
edhardyoutlet.name,false
outoff.com.co,true
massculturalcouncil.org,true
long-champ.us.com,false
ralphlaurenoutlet-polo.us.com,false
capitatranslationinterpreting.com,false
fitflop.in.net,false
suprashoesoutlet-inc.com,true
katespade-handbags-outlet.com,false
foampositeshoe.net,false
poloralph-lauren.in.net,true
el-harmeen.com,true
longchampbag.me.uk,true
bottegaveneta.in.net,false
cheapjordans.us.org,false
michael-kors-handbags.org.uk,false
jordanretro.name,false
chaharfasl.net,true
roknnagd.com,true
giuseppe-zanotti.us.com,false
nikeairmax-pas-cher.fr,false
ferragamoshoes.org.uk,true
uggbootsclearancesale.in.net,true
michaelkorshandbag.in.net,true
pradasunglasses.us.com,false
khpeer.com,true
coach--outlet.com.co,true
michaelkorsoutlet-store.us.com,false
michaelkorsoutlet-canada.ca,false
ralphlauren-polo.in.net,false
airforce1-nike.fr,true
oakleysunglasses-outletcheap.com,false
abhranil.net,false
cheapuggssale.in.net,true
coachoutletclearanceonline.us.com,true
clothpaperscissors.com,false
coachfactoryoutletonline.com.co,true
abercrombieoutlet.com.co,true
xn----5mcvj6hi87d.net,true
mywapblog.com,false
hugoboss.us.com,true
philips.cz,false
el-mohandes1.com,true
omegawatches.me.uk,false
abercrombieandfitch-coupons.com,false
discountnikeshoesusa.com,false
swarovskioutlet.org.uk,false
katespadeoutlet.net,false
fitflopsshoes.org.uk,false
cheapoakleysunglassessale.us.com,false
mulberryuk.org.uk,true
borse-gucci.it,false
hobbyfarms.com,true
basketballshoes.net.co,false
mephist.ru,false
louis-vuittonoutlet.us.org,false
fitflopssaleclearance.us.org,false
nhl-jerseyswholesale.us.com,false
michael-kors--handbags.com,true
oakleysunglasseswholesaleoakley.us.com,false
tiffanyjewellery-outlet.co.uk,false
louis-vuittonoutlet.us.com,false
jordan9.us.com,false
uggfactoryoutletonline.net,true
cheap--nfljerseys.us.com,false
michaelkorsoutlet-site.com,false
tayzac.com,true
coachoutlet-factory.com.co,true
nike-huarache.in.net,false
coachfactory--outletonline.com,true
converse-all-star.it,false
outlettoryburch.in.net,false
christianlouboutinheels.org,false
chaneloutletstore.us.com,false
hatenablog.jp,false
almaher-cleaning.com,true
louisvuitton-handbags.com.co,false
minnesotavikingsjersey.us,true
christianlouboutinoutletofficial.us.com,true
valentino-outlet.us,true
redbottomshoesforwomen.us.com,false
nike-rosherun.co.uk,false
truereligion-jean.us.com,true
coachoutletonlinestores.eu.com,false
coachoutletstoresshopping.com,false
edhardyukclothing.me.uk,true
coachoutletonline.in.net,false
soccershoes.us,false
egy-star2.com,false
canadagoosejackets.org.uk,false
khudothivinhomes.com.vn,false
fitflopssale.me.uk,true
polo-ralphlaurenoutlet.us.com,false
cheapnf-ljerseys.us.com,false
cheapraybansunglasses.net.co,false
officialcoachfactoryoutlet.eu.com,false
raybansunglasses.us.com,false
diorsunglasses.com.co,true
clemsrvoutlet.com,false
adidasyeezy-shoes.us.com,false
4ggte.com,true
onlinefree.me.uk,false
adidasnmd.org.uk,false
coachfactoryoutlet-onlinestore.us.com,false
coachfactoryoutletmall.us.com,true
cheap-raybansunglasses.com.co,true
outletonlinestore.us.com,false
michaelkors.eu.com,true
webra.ir,false
sabtha.com,true
hermesbirkin-bags.us.com,false
sacmichaelkors-pascher.fr,false
longchampoutlet.net.co,true
pandora-jewelryclearance.us.com,true
michaelkorsoutletonline-store.us.com,false
graphicup.ir,false
abercrombie-fitch-hollister.fr,false
raybansunglasses.me.uk,false
cheap-jordans.us.com,false
pumaoutletonline.com,false
uggbootsonsale.net.co,false
timberlandboots.org.uk,true
nikebasketballshoes.us.com,false
nhljerseys.org,true
poloralph-laurenoutlet.us.com,false
michael-korsoutletsonline.us.com,false
juicycoutureoutlet.net,true
rokn-elhoda.com,true
katespadeoutletsale.in.net,false
swarovskicrystaljewelry.us.com,false
katespadeoutlet.in.net,false
michaelkorsoutlet-online.us.com,false
truereligionjeans-canada.com,false
michael-kors-handbags.us.org,false
thenorthfaces.in.net,false
fitflopsclearanceonsale.com,false
coachoutletonlinestore.eu.com,true
scarpe-hoganoutlet.it,false
michael-korsoutletonlinesale.us.com,false
poloralph-lauren.org.uk,true
timberlanduk.me.uk,false
nikerosheruns.me.uk,true
michaelkorshandbags.com.so,false
dansko-shoes.us,true
vans-scarpe.it,true
airjordan13s.com,true
outlet-gucci.us.com,false
northface.net.co,true
ralphlauren-polo.com.co,false
nikehuarache.org.uk,false
nikefreerun.fr,true
pandoraoutlet.in.net,true
cheap-nfljerseyswholesale.us.com,false
michael-korsoutlet.net.co,true
nour-clean.com,true
samariyadh.com,false
juicycoutureoutlet.us.com,true
adidastrainersshoes.co.uk,false
raybansunglasses.us.org,false
airjordanshoes-retro.com,false
coachoutletonline-factory.us.com,true
canada-goosejackets.biz,true
katespadehandbags.us,true
ferragamo-shoes.cc,false
sheikhmaghreb.com,false
coachoutletcanada.com.co,true
350yeezyboost.us.com,true
boyziimen.com,true
celine-handbags.net,false
airmax90.me.uk,false
truereligion-jeansoutlets.us.com,true
hollisterclothing-store.net,true
lacosteshoes.us,true
michaelkorsuk.com.co,false
michaelkorsoutletclearance.us.org,false
oakleysunglass.ca,false
lunetterayban-pas-cher.fr,true
chromeheartsoutlet.us,true
linksoflondonus.com,true
michaelkors-outlet.name,false
raybansunglassesoutlet.eu.com,false
truereligionjeansoutlet.net,true
instyler-max.in.net,true
nike-airmax.org.uk,false
mont-blancpens.name,false
timberland-pas-cher.fr,false
miamiheatjerseys.net,false
abercrombieandfitchoutletus.com,false
nikerosherunwomen.me.uk,true
lunetteoakley-pascher.fr,true
michaelkorsoutletu.us.com,true
moncler-outlet.it,false
the-northfacejacket.us.com,false
lululemonoutlet-canada.ca,true
giuseppe-zanotti.us,true
ferragamobelt.us.org,false
jordanretro-11.com,true
clippersjerseystore.com,true
nike-shox.us.com,false
3nwan.net,true
michaelkorsoutletclearance.in.net,true
sabt123.com,false
nba-jerseys.us.com,false
christianlouboutinoutletshoes.us.org,true
michaelkorsoutletab.com,true
ladieswholaunch.com,false
cheapjordansforsale.us,true
cartier-outlet.us.com,false
hermesoutletonline.us,false
swarovski.in.net,false
adidassuperstar.name,true
kobraaa.com,true
chicagobearsjerseys.us,false
hollisterclothing.us,false
wholesale-newjordansshoes.com,false
raybansunglassesonline.in.net,false
discount-raybansunglasses.us.com,false
nikeairmaxs-270.us.com,false
ugg-australia.it,false
ferragamo-shoes.us.com,true
michaelkors-outlet.net.co,false
adidasoutletstore.net,false
nikeshoes.us.com,false
christianlouboutinonline.us.com,true
pandoracharms.com.co,true
s77e.com,false
chopardjewelry.us,false
nike-roshe.us.com,true
mulberryhandbags-outlet.co.uk,true
oakleysunglasses-outlet.name,false
coachoutletclearance.us.com,false
cheapjordanshoes.in.net,false
katespadeonlineoutlets.us.com,true
kobe9elite.us.com,true
coolsky.cc,true
nikeairmaxa.co.uk,false
abercrombieoutletstore.cc,false
chanel-handbags.us.com,false
pandoracharms.name,false
nikefreerunning.org.uk,false
outletonline-michaelkors.com,true
blog.com,false
outletcoachfactory.us.com,true
nike-airmax2u.com,false
outlet-gaming.com,false
hollisters.cc,false
hollisterclothing.net,false
coachoutletsfactory.com,false
levisjeans.name,true
ralphlaurenoutlet.org.uk,false
swarovskicrystal.in.net,false
chromehearts.com.co,false
fares-alriyadh.com,true
aladawy.org,true
clippingpathera.com,true
airjordan4.us.com,false
thenorthface.net.co,false
adidasshoes.net,true
poloralphlaurenshirts.us.com,false
ralphlaurenpolo.us.com,false
uggslippers.com.co,true
converseshoes.us.com,false
uggoutletsale.net.co,false
elsidany.com,false
michaelkorsoutlet-online.eu.com,false
swarovskicrystal.me.uk,true
cheapjordan-shoes.us.com,false
ghdflatiron.com,false
coachoutlet.net.so,false
ralphlauren-poloshirts.org.uk,false
michaelkorshandbagsoutlet-inc.com,true
nikeoutlet-factorystore.us,false
canadagoosejacketsshop.us.com,false
louboutinfemme-pascher.fr,true
louisvuittonpursesbag.net,true
cheapmlbjerseyswholesale.us.com,false
eveningdressesoutlet.net,true
supremeclothing.us.org,false
jordans.in.net,false
louisvuittonsacpascher.fr,false
coachoutlet--storeonline.com,true
iphonecase.me.uk,true
hollisterclothingstore.in.net,true
kate-spadeoutlet.com.co,false
fitflopssaleclearance.net,false
michaelkorswholesale.us.com,false
roknelforsan.com,true
uggbootsforwomen.in.net,true
uggsoutlet-boots.net,false
abo-samra.com,true
raybansunglassesoutlet.net.co,false
elforrsan.com,true
thenorthfacejackets.eu.com,false
nikerosheone.co.uk,false
canadagoosejackets.name,false
asicsrunning-shoes.us.com,true
chaussurelouboutin-pascher.fr,false
jimmychooshoes-outlet.net,true
michaelkorshandbagsclearance75off.com,true
instylerionicstyler.us.com,true
oakleysunglass.us.org,false
google.com.eg,true
oakleysunglassesout1et.us.com,false
mac--cosmetics.com,true
highshop.net,false
sunglassesrayban.org.uk,false
hollistercanada.com,true
washingtonwizardsjerseys.com,false
barbourjackets.us.org,true
toms-outlets.us,false
celineoutletus.com,true
cheapjerseys-nfl.us.com,false
louisvuittonpascher.fr,false
abercrombie-fitch.us.com,false
montblancpens.us,false
true-religionjeans.net.co,true
oakleysunglass.eu,false
fitflopssales-clearance.us.com,true
louisvuittonoutlet-online.us,false
marcjacobs.cc,false
supremeclothingonline.us.org,true
pandorajewelryoutlet.name,false
nikeuk.me.uk,true
kobeshoes.us,false
louisvuittonoutlet.com.co,true
moncleroutletstore.us.org,false
raybans-sunglasses.us.org,false
takwaclean.com,false
michaelkors-handbagsoutlet.us.com,false
michael-korsoutletclearance.com.co,false
tiffany-jewelry.com.co,false
chinhphu.vn,false
poloralphlaurenoutlet-online.us.com,false
beats-bydrdre-headphones.com,false
adidasoutlet.com.co,false
cheapfootballshirt.org.uk,false
caradisiac.com,false
louboutin--pascher.fr,true
seattleseahawksjersey.us.com,false
sac-lancelpascher.fr,false
118travel.net,true
airjordanretro11.us.com,false
outletlacoste.us.com,true
nikeoutletstores.us,true
oakleyvaultsunglasses.us.com,false
girl-jordans.com,false
supra--shoes.com,true
uggsoutletstore.in.net,false
nike-rosheruns.com,false
sacburberry-pascher.fr,true
nike--trainers.co.uk,true
michaelkorsoutletscom.us.com,true
ralphlauren-outletuk.me.uk,true
louisvuitton.in.net,false
uggboots.de.com,false
coach-factoryoutlet.us.com,false
airmax-nike.me.uk,false
conversepascher.fr,false
guccioutlets.us.org,false
coachoutletonlines.ca,false
louisvuittonoutlet.in.net,false
michaelkorsoutletcoupons.us.com,true
vibramfivefingersshoes.us.com,true
redbottomshoes.in.net,false
nike-airpresto.us.com,true
abercrombieoutlet.name,true
katespadeoutlethandbags.com,true
calvinkleinoutlet.us.com,false
nike-outletstore.us.com,false
raybansunglasses-sale.us.com,false
maccosmetics.in.net,false
lululemon-outlet.us.com,false
canadagooseoutlet-jackets.com,false
cheapjerseys-wholesale.us,false
michaelkors.com.so,false
abercrombieoutletonline.cc,true
raybansunglassesoutleta.com,false
hermes-belt.co.uk,false
hollisterclothingoutlet.us,true
pradashoes-outlet.com,false
filas.us.com,true
divinecaroline.com,false
michaelkors-outletonlines.in.net,false
omegawatches.name,true
mulberry-handbagsoutlet.org.uk,false
kookacleaning.com,true
cheap-michaelkors.us.com,false
pandorajewelrystore.com,true
coachoutlet-store.us.org,false
coach-factlet-outlet-online.com,false
rayban-sunglasses.com.co,false
louisvuittonoutlet.de.com,false
hollisterclothing.cn.com,true
nike--nfljerseys.com,false
goyard-handbags.us.com,true
hutoutlet.us.com,false
morouj-madina.com,true
aphidsymposium.org,false
nikeoutlet-store-online.com,true
nikeairmax90.org.uk,true
montrepas-cher.fr,false
coachoutletcheap.us.com,false
ugg-outlet.com.co,true
michaelkors-handbags.com.co,false
hermes-belt.us.com,true
rmrwealth.com,false
shopgioia.com,true
supergamesky.cz,false
coach-factoryoutletsonline.us.com,false
coachfactoryoutlet.net.so,false
tomsshoes.in.net,false
supraforsale.in.net,false
louis-vuittonoutlet.name,true
ralphlaurenpolo.com.co,false
cheapcoachoutletwebsite.com,false
bootsugg.in.net,true
nikeair-huarache.me.uk,false
abercrombie.com.so,false
moncler--jackets.co.uk,false
nikeshoes-outlet.us.com,true
xn--pgboj2fl38c.net,true
fitflopsoutletsale.com,false
bapehoodie.us,false
niketnrequin-pascher.fr,true
rolex-replicawatches.com.co,false
offwhiteshoes.us.com,false
canadagoosejacketsoutlet.ca,false
toryburchhandbags.in.net,false
nike-airmax.it,false
lebron-jamesshoes.net,false
uggsale.net.co,false
mcmhandbags-backpack.com,false
uggoutlet.eu.com,false
net-thailand.net,false
outlet-celine.com,false
beats-bydre.org.uk,true
coachoutletonlinecoachfactoryoutlet.com.co,false
lebronjamesshoes.in.net,false
coachfactory.xyz,true
coachoutletstoreclearance.us.com,false
rolex-replicawatches.us.com,true
ray--ban.it,false
poloralph-lauren.net.co,false
raybansunglasses.in.net,false
toms.in.net,false
jordans11.us.com,false
coachoutletonlinestoreshopping.com,false
al-zohoor.com,true
nfwstore.net,true
nikeoutletstore.us.com,true
edhardyclothing.in.net,true
qmm-eltmayz.com,true
jordanshoes.us.com,false
birkinbag.us.com,false
rolexwatchesoutlet.us,false
longchamphandbagsoutlet.us.com,false
wholesale-nbajerseys.com,false
rolexoutlet.us.com,false
nikeairhuarache.co.uk,true
coach-factory-outlet.us.org,false
khudothidongmai.com,false
cartierwatches.cc,false
warriorsjersey.com,false
uggoutlet.gr.com,false
adadassuperstar.com,false
mcm.in.net,false
barbour-jackets.me.uk,true
michaelkorsoutlet--online.us.com,false
airjordanpas-cher.fr,true
outletswarovski.co.uk,false
salvatoreferragamoshoes.us.com,true
saloumeh.net,false
goldengoosesneakers.us,false
gucci-outlet.us.com,false
edhardy.us.com,false
nikeairmaxinc.com,false
cheapreplicawatches.com.co,true
ralphlaurenoutlet-uk.co.uk,false
kd-10.us,false
northfacejacket.me.uk,false
toryburchoutletshoese.com,true
michael-kors-outlet-online.us.com,false
adidasnmd-shoes.us,false
chiflatiron.in.net,true
thenorthfaceclearances.us.com,true
cheapuggs.com.co,false
rayban--sunglasses.me.uk,false
michaelkorshandbagsoutlet.us.org,false
michaelkorshandbagsclearance.us.com,false
hollister-abercrombie.fr,true
newyorkknicksjerseys.com,false
raybansunglassese.co.uk,false
louisvuitton-leatherbag.com,false
northfacesale.com.co,false
nada-almadina.com,false
doudoune-canadagoosepascher.fr,false
ray-bansunglassesdiscount.us.com,false
oakleysunglassesonline.us.com,false
hollistershirts.me.uk,true
eosland.com,true
cheapjordansfreeshipping.us.com,true
zahrtsharqia.com,true
doudoune--moncler.fr,true
uggsformen.in.net,false
uggboots.in.net,false
michaelkors-bags.org.uk,true
xn----5mcnkl5hpal.net,false
hollisteruk.co.uk,true
fhoud-ksa.com,true
montblanc.com.co,false
coachoutlet-onlinestore.com.co,true
webra.in,false
alfaris-aleurbaa.com,true
michael-kors-handbags.com.co,false
burberrysaleoutlet.us.com,true
longchamphandbags-outlet.com,false
oakley-canada.ca,true
marwacleaning.com,true
abercrombieandfitch.net.co,true
vans-shoes.cc,false
cheapnbajerseyswholesales.us.com,false
pandorauk.org.uk,false
clarksshoesoutlet-online.com,false
canadagooseoutlet-store.name,false
ralph-laurenoutlet.in.net,false
backgroundremovalservices.com,true
michaelkorsoutletonline-clearance.us.com,false
monclerjackets-outlet.com,true
christian-louboutinshoes.me.uk,true
nikeair-max.fr,false
louis-vuittonhandbags.name,false
coachfactoryoutletonlinesale.us.com,false
tiffanyoutlet.in.net,false
lebronjames-shoes.name,false
uggsonsale.net.in,true
adidasultra.us.com,false
conversetrainer.co.uk,false
jordan4.net,false
guccishoes.cc,false
yeezysboost350v2.us.com,false
pradaoutlet.us,false
hermes-sac.fr,false
monclerjacketsuk.me.uk,false
offwhite.us.org,false
christianlouboutinoutlet.name,false
oakleysunglassess-outlet.us.com,false
mcm-outlet.us.com,false
adidas-trainers.me.uk,false
michaelkorsfactoryoutletclearance.us.com,false
red-bottomshoes.us.org,false
pandoraoutletjewelry.us.org,false
louisvuittonoutlet-online.us.org,false
poloralphlauren.net.co,false
louis-vuittonhandbags.co.uk,false
polo-ralphlauren.it,false
nfljerseyswholesale.us.com,false
adidaswingsshoes.net,false
rayban-sunglassesoutlet.us.com,false
bcbgdresses.us,false
adidasyeezyboost-350.us,true
vanspas-cher.fr,false
truereligionjeansoutlet.in.net,true
louboutin-shoes.us.com,false
nike-free-running.com,true
moncleroutlet-jackets.com,false
airjordan-pascher.fr,false
lebronjames.us.com,false
oakleysunglassescheapsale.us.com,false
denverbroncos.org,false
coachfactoryoutletsale.com.co,true
airjordan-11.us,true
air-max.us.com,false
nikeairhuarache.me.uk,false
pradaoutletonlineb.com,true
longchampbags.us.org,false
long-champoutlet.us.com,true
necn.com,true
el-ahmdya.com,false
jacketscanadagoose.org.uk,false
adsmall.us.com,false
chelseajerseys.us,false
uggboots-uggs.co.uk,false
northface-jackets.us.com,false
truereligionjean.cc,false
bottes-uggpascher.fr,false
poloralphlaurencom.us.com,true
louisvuitton-sac-pascher.fr,true
adidasnmd.uk,false
nikefactoryoutletstore.us.com,false
raybansunglass.name,false
christianlouboutinoff.us,false
uggsoutlet.gr.com,false
hollistershirts.org.uk,false
nike-tn-pascher.fr,false
oakleysunglasseseyewears.us.com,true
abercrombie-hollister.it,false
coach-outlet.us.com,false
fakeoakleysunglasses.in.net,false
cheap-soccerjerseys.com,false
shoesjordan.net,false
cheap-canadagoose-sale.com,false
long-champhandbags.org.uk,false
toryburchoutlets.us.org,true
almohtarifpro.com,false
valentino-outlet.us.com,true
louboutinshoes.uk,false
canadagoosejackets.com.co,true
jerseyscheap.us.com,false
burberryonlineoutlet.in.net,false
adidascampusshoes.us,true
wickedlocal.com,true
nikezoom.me.uk,true
borse-louisvuitton.it,false
ellnaga7.blogspot.com.eg,true
fitflopssale-clearances.us.com,false
toms.us.org,false
canadagoose.com.co,false
canadagoose.cc,true
ferragamo-outlet.us.com,false
coachoutletonlinecoachfactoryoutlet.us.com,true
shoesnike.us.com,false
kobebryantshoes.in.net,false
louisvuittonoutlet.ca,false
coach-purses-handbags.com,true
canadagoosegoose.com.co,true
moncler.us.org,false
gabrieladelworth.com,false
truereligion-jeans.com.co,false
babylisspro.us.com,false
oakleysunglass.com.co,true
reebokshoesoutlet.us.com,true
michaelkorsbags.org.uk,false
pandorajewelry.us,false
michaelkorshandbags-uk.co.uk,true
michaelkorshandbagswholesale.us.org,false
columbiaoutlet-stores.com,false
cheapuggbootsonsaleusa.com,false
truereligionoutlet-store.us.com,false
louisvuittonoutlet-clearance.us.com,false
tiffany-andco.com,false
ralphlauren-outlet.us.org,false
elarby-dammam-riyadh.com,true
adidas-nmd.us.com,false
yeezyboost.org.uk,true
outlet-store.co.uk,false
nike-freerunning.co.uk,false
chungcugreenpearl.net,false
replicawatchesfor-sale.us.com,false
airmax2015.com,true
coachoutletstoreonlineclearances.in.net,false
michael--korsoutlet.us.com,false
thenorthface-outlet.us.com,false
gucci-outlet.org,false
canadagooseoutletsale.com,true
websco.ir,false
cheappoloshirts-outlet.com,true
handbagsmichaelkors.com,false
malls.com.co,true
pandoracharms-outlet.us.com,true
hollister-co.net,false
ralphlaurenpolo.in.net,true
cheapoakley--sunglasses.com,true
pradahandbagsshoes.com,false
nikesneakers.us.com,false
abercrombie-kids.com.co,true
oakleysunglasses.me,true
christianlouboutinuk.me.uk,true
xn--pgboh5fh38c.net,false
wadi-alriyadh.com,true
pandoracharms.me.uk,true
listforever.com,true
footballsoldes.fr,false
hollisteruksale.co.uk,true
kobeshoes.org,false
monclersoutlet.us.com,false
rolexwatches-uk.org.uk,false
coachoutletstoreonline.us,false
oakleyvaultoutlet.in.net,false
louisvuittonoutletonlineshop.com,false
burberryoutletonline.in.net,false
fcnsc.com,true
soccerjerseys.us.com,false
air-huarache.org.uk,false
outletmichaelkorshandbags.us.com,false
discountnikeshoessc.org,false
coachoutletstoreonline.eu.com,false
toryburch-outletsale.in.net,false
louisvuittonhandbags.net.co,false
truereligion-outlet.net.co,true
coachoutletstoreonline.com.so,false
nbajerseysstore.us.com,false
mulberrysale.co.uk,false
newyorkjetsjersey.us,false
saboresdomonte.pt,false
oakley-sunglassesclearance.us.com,false
poloralphlaurenoutletonline.us.com,false
officialkatespadeoutletonline.com,false
esy.es,false
adidastrainers.me.uk,true
canada-gooses.name,false
gorjao.eu,false
uggoutletonlinestore.in.net,true
salomonshoes.us.com,false
christianlouboutinsale.com.co,true
esplanadaaosol.blogspot.com,true
notasverbais.blogspot.com,true
nikeairmax90.co.uk,false
bichos-carpinteiros.blogspot.com,true
kate-spadeoutlet.us,false
tomsoutletstore.in.net,false
news-israel.net,true
cheapoakleysunglasses.net.co,false
oestadodotempo.blogspot.com,true
yeezy-500.us.com,false
blogarcadia.blogspot.com,true
gypsumdesigner.com,false
monarquia-realtrasosmontes.org,false
lebronjamesshoes-inc.com,false
caramenggugurkankandungan.info,false
newyorkyankeesjerseys.us,false
bostonhandmade.blogspot.com,true
multipublicacoes-ads.com,false
bottegaveneta-handbagsoutlet.com,false
cronicasdorochedo.blogspot.com,true
replicawatches-forsale.us.com,false
yeezyboost.com.co,false
ghd-hairstraighteners.co.uk,false
coachpursesclearancesite.com,true
louboutin-outlet.us.com,false
sabtco.ir,false
michaelkors-uk.me.uk,false
coachoutlet-storeonline.us.com,false
cdeitado.blogspot.com,true
oakley.in.net,false
women-ugg-boots.com,false
burberrysale.me.uk,false
nearbest10.com,true
juicycoutureoutlethandbags.in.net,true
e-goi.com,true
uggoutlet.qc.com,false
p90x-workout.us.com,false
converseoutlet.us.com,false
truereligion.org.uk,false
nhljerseys.us.org,false
uggs-outlet.eu.com,false
oakleysunglassessale.name,true
nikefree-run.me.uk,true
oakley-sunglasses.com.co,true
pradashoes.us,true
uggaustraliaonsale.us.com,true
tiffanyand-co.co.uk,true
semcontorno.blogspot.com,true
hermesbirkin.org,true
fitflopshoesforwomen.com,false
pradaoutlet.org,false
montblancpenss.us.com,true
kidsmarketeer.pt,true
katespadeoutleta.com,false
cheap-nikeshoes.cc,false
geracaodeoitenta.blogspot.com,false
saclongchampfr.fr,false
saclongchamp-solde.fr,true
pandora.eu.com,false
retrojordans.name,false
louisvuittonsunglasses.us.com,false
ralphlauren-polo.org.uk,false
ferragamo.me.uk,true
chanel.us.org,false
herveleger.in.net,false
uggbootsoutletsale.us.com,false
toryburchoutlet-online.us.com,false
dlejardintanhoangminh.com,false
carahamilkandungan.com,true
michael-korshandbags.com.co,false
coachoutletstoreonlinesale.us.com,true
jumento.blogspot.com,true
jindungas.blogspot.com,true
abercrombieand-fitch.com,false
raybansunglassesoutlet.name,true
coachhandbagsclearance.us.com,false
jewelrytiffany.in.net,false
reason.org,true
uggs-forcheap.de.com,false
rtp.pt,true
portugalrebelde.blogspot.com,true
occhiali--oakley.it,false
morangos9.blogspot.com,false
vantagemcomparativa.blogspot.com,true
doportugalprofundo.blogspot.com,true
michaelkorsfactoryoutlet.com.co,true
standpointmag.co.uk,true
ramdemokratia.blogspot.com,true
freedomhouse.org,true
lusavoz.blogspot.com,true
idealizando-textos.blogspot.pt,true
mcmhandbags.name,false
blogaleste.blogspot.com,true
lady-bird---uma-joaninha-maluka.blogspot.com,false
fiel-inimigo.blogspot.com,true
aindapodiaserpior.blogspot.com,true
louisvuitton-borse.it,false
secretlieband.com,false
truereligion--outlet.com,false
clubedospais.pt,false
michaelkorshandbagsoutletclearance.us.com,false
rayban-sunglasses.eu.com,false
politicopata.blogspot.com,false
trinityesoterics.com,true
vidreaperreview.net,true
top10outlets.com,false
minnesotavikingsjerseys.us.com,true
novafloresta.blogspot.com,true
bicadaquatro.blogspot.com,true
luiscarmelo.blogspot.com,true
ceps.eu,false
sama-yanbu.com,true
martenscentre.eu,true
europesworld.org,false
jardimdemicrobios.blogspot.com,true
oprivilegiodoscaminhos.blogspot.com,true
tcsdaily.com,false
activismodesofa.blogspot.com,true
masralarabia.com,true
osenhorcomentador.blogspot.com,true
o-lidador.blogspot.com,true
oeiraslocal.blogspot.com,true
revolucaoemfranca.blogspot.com.br,true
jordan-4.us.com,false
oinsurgente.org,true
modalidadessporting.blogspot.com,true
kevindurant-shoes.us.com,false
fitflopssalesclearance.us.com,true
rolexreplicawatches.com.co,false
diretoriomonarquicodobrasil.blogspot.com,true
adidas-wings.in.net,false
torcidaverde.pt,true
truereligionoutlet.org.uk,true
bhoblog.it,false
karenmillen--dresses.co.uk,true
coachoutletstoreonlines.us,true
jordanretro-11.us.com,false
younevercall.com,false
northfaceoutletinc.us.com,true
louisvuitton-outlet.name,false
diesdomini.blogspot.com,true
tempo-politico.blogspot.com,true
cheapsoccershoes.in.net,false
prom-weddingdresses.com,false
louis-vuitton.us.org,false
ralphlaurenpolooutlet.co.uk,true
ferragamo-shoes-outlet.com,false
oakley-sunglasses.org.uk,false
principevalente.blogspot.com,true
tiffanyjewelleryuk.co.uk,false
nikeairmaxe.co.uk,false
estadao.com.br,true
gazetadarestauracao.blogspot.com,true
vansshoesoutlet-store.com,false
filtro.pt,false
tiffanyandco-outlet.us,false
new--balance.fr,false
linesofbeauty.com,false
michaelkorsoutletssale.us.com,true
goldengoose.us.com,false
eshopping.us.com,false
obliviario.blogspot.com,true
soccershoesforsale.name,false
evoradigital.biz,false
michaelkorshandbags.us.org,false
armani-exchange.us,true
uggboots-clearance.in.net,false
pqg.blogspot.com,true
abercrombie-andfitch.in.net,false
jordanconcords.net,false
recomenda.com.br,false
ghdstraighteners.org,true
jonasnuts.com,true
herdadevalelameira.com,false
michaelkors-outlet.com.co,false
mensagemcerta.blogspot.com,true
globalaffairs.ru,true
oelogiodamonarquia.blogspot.com,true
poetrixica.blogspot.pt,true
quebranotas.blogspot.com,true
acfblog.pt,false
bancadadeleao.blogspot.com,true
o-andarilho.blogspot.com,true
espectador-portugues.blogspot.com,true
crossoflaeken.blogspot.com,true
infopedia.pt,true
newsweek.com,true
katespadebagsoutletsale.com,false
ana-de-amsterdam.blogspot.com,true
bloguesemfiltro.blogspot.com,true
incuriadaloja.blogspot.com,true
frombangkok.blogspot.com,true
minoria-ruidosa.blogspot.com,false
yata-network.blogspot.com,true
zonadedecisao.blogspot.com,true
palavrasermas.blogspot.com,true
futbol-baratas.com,false
ffms.pt,true
newleftreview.org,true
carmoeatrindade.blogspot.com,true
livreeleal.blogspot.com,true
bloguitica.blogspot.com,true
lamegoimage.blogspot.com,true
noticiasalentejo.pt,false
cheaprolexwatches.name,false
centenario-republica.blogspot.com,true
csis.org,true
aresdaminhagraca.blogspot.com,true
carlosveiga-psicologo.blogspot.com,true
odivagador.blogspot.com,true
defesanacionalpt.blogspot.com,true
geracaode60.blogspot.com,true
funerariagrosso.blogspot.pt,true
mapas-de-espelho.blogspot.com,true
cartasportuguesas.blogspot.com,true
hardmusica.pt,false
thebraganzamothers.blogspot.com,true
franciscotrindade.blogspot.com,true
musicatotal.net,true
newenglishreview.org,true
igogo.pt,true
fraserinstitute.org,false
rentalio.com,true
favarica.blogspot.com,true
retrato-auto.blogspot.com,true
lemonde.fr,true
crisisgroup.org,true
holifestival.org,true
healthfolk.net,true
themonarchist.blogspot.com,true
danielscranton.com,false
cm-vianadoalentejo.pt,false
cia.gov,true
flad.pt,true
ojardimcasa.blogspot.com,true
acucaramarelo.blogspot.com,true
reallisboa.pt,false
ogladio.blogspot.com,true
oartistadodia.blogspot.pt,true
CoachFactory-Outlet.org,false
camaradoslordes.blogspot.com,true
escritadafala.blogspot.com,true
realfamiliaportuguesa.blogspot.com,true
lei-natural.blogspot.com,true
sementesdasestrelas.com.br,false
digital-pixels.blogspot.pt,true
viagenseresorts.pt,true
marretas.blogspot.com,true
barbearialnt.blogspot.com,true
uggsboots-sale.com,false
muitacautela.blogspot.com,true
chathamhouse.org.uk,true
dianademeridor.blogspot.com,true
euobserver.com,true
memoriavirtual.net,true
revista1906.com,true
vistodasnuvens.blogspot.com,true
grifoplanante.blogspot.pt,true
azure.org.il,false
pauparatodaaobra.blogspot.com,true
alagauche.blogspot.com,true
terrasdocarmo.blogspot.com,false
duascidades.blogspot.com,true
cafe-portugal.blogspot.com,true
foreignaffairs.com,true
criticanarede.com,true
guimaraesdaliberdade.blogspot.com,true
becambridge.com,false
misspearls.blogspot.com,true
rprecision.blogspot.com,true
freguesiadealcacovas.pt,false
suctionvalcheck.blogspot.com,true
terradosespantos.blogspot.com,true
planetaspolitik.blogspot.com,true
sportingcanal.com,false
umrumo.blogspot.com,true
vouguinha.blogspot.com,true
lamaquina.com.pt,false
eagoraseila.pt,true
casadesarto.blogspot.com,true
monarquico.blogspot.com,true
realbeiralitoral.blogspot.com,true
ventosueste.blogspot.com,true
anprofessores.pt,true
faccioso.blogspot.com,true
pontosdevistas.net,true
ncastelacanilho.blogspot.com,true
theatlantic.com,true
mne.gov.pt,false
ajal.pt,false
imperiobrasileiro-rs.blogspot.com,true
ilhas.blogspot.com,true
mondediplo.com,true
anortedealvalade.blogspot.com,true
almapatria-patriaalma.blogspot.com,true
independent.org,true
exilioandarilho.blogspot.com,true
senzapagare.blogspot.it,true
diariodigital.pt,false
multipublicacoes.pt,true
despolemico.blogspot.com,true
birkenstockoutlets.us.org,false
royaltymonarchy.blogspot.com,true
realporto.pt,false
parentalidades.com,false
ocoliseu.blogspot.com,true
foreveryoung.pt,true
divina-a-comedia.blogspot.pt,true
sapo.mz,true
range-o-dente.blogspot.com,true
lvtarrytown.org,false
acabado.blogspot.com,true
impensavel.blogspot.com,true
louboutinoutlet.it,false
real-abranches.blogspot.com,true
kropotkine.blogspot.com,true
chardon-ardent.blogspot.com,true
frescoscampos.blogspot.com,true
blocodenotas-la.blogspot.com,false
causa-nossa.blogspot.com,true
vida-das-coisas.blogspot.com,true
cavernaobscura.blogspot.pt,true
icosgroup.net,false
anapimentel-pintora-work08.blogspot.com,true
correiomanha.pt,true
canada--goose.co.uk,false
joaomongeferreira.blogspot.com,true
samueldepaivapires.com,false
mausdafitametrica.blogspot.com,true
etudogentemorta.com,false
grandmonde.blogspot.com,true
irmaolucia.blogspot.com,true
brunogarschagen.com,true
abercrombie-andfitch.co.uk,false
opaisdoburro.blogspot.com,true
reason.com,true
louisvuittonhandbagsoutlet.co.uk,false
courrierinternational.com,true
thefreethoughtproject.com,true
amo-portugal.blogspot.com,true
abrangente.blogspot.com,true
marcomoreyra.com,false
clix.pt,false
partilhar-diferencas.blogspot.com,false
desmitos.blogspot.com,true
roknasala.com,false
idolatrica.blogspot.com,true
geracao-rasca.blogspot.com,true
terrasdentro.pt,true
jansenista.blogspot.com,true
devaneiosaoriente.blogspot.com,true
queijariadealcacovas.com,false
euroultramarino2.blogspot.com,true
ipris.org,false
naante-camara.blogspot.com,true
espectadorinteressado.blogspot.com,true
people-press.org,true
ajigsaw.net,true
corta-cola-bloga.blogspot.com,true
coisaslevespesadas.blogspot.com,false
small-brother.blogspot.com,true
domirante.blogspot.com,true
radicalroyalist.blogspot.com,true
almocrevedaspetas.blogspot.com,true
ascensosimoes.com,false
pedra-no-chinelo.blogspot.com,true
teoriapolitica.blogspot.com,true
michaelkors-outletfactory.us.org,false
gloriafacil.blogspot.com,true
quartarepublica.blogspot.com,true
a-unica-real-tradicao-viva.blogspot.com,true
arevoltapt.blogspot.com,true
estrangeirodeavintes.blogspot.com,true
cedilha.net,true
theihs.org,true
gopetition.com,true
cibertulia.blogspot.com,true
xkcd.com,true
christinedayonline.com,false
marsalgado.blogspot.com,true
ultimonanbanjin.blogspot.com,true
blogdrive.com,false
worldaffairsjournal.org,false
corriere.it,true
lagosmilitar.blogspot.com,true
cidadanialx.blogspot.com,true
regicidio.org,false
thegift.pt,true
lexico-familiar.blogspot.com,true
realdebeja.blogspot.com,true
aartedafuga.blogspot.com,true
mundorama.net,true
biz.tc,true
incontinentesverbais.blogspot.com,true
poraschaudhary.com,false
ruinarte.blogspot.com,true
openeurope.org.uk,false
causaliberal.net,true
oquartinhodamiuda.blogspot.com,true
mar-de-outubro.blogspot.com,true
kontratempos.blogspot.com,true
weblog.com.pt,false
louisvuitton-lvoutlet.me,false
realclearpolitics.com,false
portodaliberdade.blogspot.com,true
portugalcontemporaneo.blogspot.com,true
spiritpathways.co.za,true
ecfr.eu,true
margensdeerro.blogspot.com,true
franciscolucaspires.blogspot.com,true
regabophe.blogspot.com,true
rosamarmore.blogspot.com,true
casarealportuguesa.org,false
lefigaro.fr,true
omalparado.blogspot.pt,true
ogovernodosmortos.blogspot.pt,true
aljazeera.net,true
leoninamente.blogspot.pt,true
wwwmeditacaonapastelaria.blogspot.pt,true
foreignpolicy.com,true
coachfactoryoutlet-online.eu.com,false
elpais.es,true
misterdocafe.blogspot.pt,true
aventar.eu,true
louisvuitton-handbags.name,false
wehavekaosinthegarden.blogspot.com,true
firstprinciplesjournal.com,false
louisvuitton-outletstores.org,false
terra.com.br,true
centreforum.org,false
luismarquesdasilvaarquitectura.blogspot.com,true
estragodanacao.blogspot.com,true
garden-of-philodemus.blogspot.com,true
cer.org.uk,true
do-futuro.blogspot.com,true
essecavalheiro.blogspot.com,true
somosportugueses.com,false
pontapelongo.blogspot.com,true
dragoscopio.blogspot.com,true
avenidasurrealista.blogspot.pt,true
monarquicolusitano.blogspot.com,true
chasecafes.blogspot.com,false
atlanticcouncil.org,true
wordpress.com,true
correiodamanha.pt,true
joanadalila.blogspot.com,false
cronicasdapeste.blogspot.com,true
presepiocomvistaparaocanal.blogspot.com,true
idl.pt,true
coach-handbags.cc,false
libertyfund.org,true
ma-schamba.com,true
tempoquepassa.blogspot.com,true
vitor-rodrigues.com,false
ofuturopresente.blogspot.com,true
claudiotellez.org,false
homem-ao-mar.blogspot.com,true
twospots.com,true
duas-ou-tres.blogspot.com,true
monarquiaportuguesa.net,false
o-calor-humano.blogspot.com,true
nocturno-la.blogspot.com,false
asicso.com,false
pauloquerido.net,false
blogsome.com,false
costarochosa.blogspot.com,true
jordan8.net,false
rubyrose.com.ua,false
authenticlouisvuittonhandbags.net,false
officelounging.blogspot.com,true
re-nest.com,false
daliteratura.blogspot.com,true
liberation.fr,false
clubederelacoesinternacionais.blogspot.com,true
oconsertodasnacoes.blogspot.com,true
observatoriopolitico.pt,true
tnr.com,true
cortex-frontal.blogspot.com,true
maisevora.blogspot.com,false
deobazaar.com,true
sedes.pt,true
politikae.blogspot.com,true
slowbusynestsnowfuzzyrest.blogspot.com,true
rayviolet.blogspot.com,true
herdade-da-mata.com,true
in-direita.blogspot.com,true
esplendor-na-relva.blogspot.com,true
como-as-mares.blogspot.com,true
abrupto.blogspot.com,true
sorumbatico.blogspot.com,true
oprofano.blogspot.com,true
economiafinancas.com,true
letsplayscp.blogspot.pt,true
mourah.com,true
visao.pt,true
osangueleonino.blogspot.com,true
preletrado.blogspot.com,false
levezaliedson.blogspot.com,true
gucci-borse.it,false
celineoutlet.us,false
cps.org.uk,true
reverentia-lusa.blogspot.com,true
centraldascuriosidade.blogspot.com,true
f-se.blogspot.com,true
cousasliberaes.com,false
nortadas.blogspot.com,true
antoniotadeia.com,true
adsensum.blogspot.com,true
o-reaccionario.blogspot.com,true
acortenaaldeia.blogspot.pt,true
podesmandar.blogspot.com,true
theamericanscholar.org,true
nonas-nonas.blogspot.com,true
negocios.pt,true
mike-desconversa.blogspot.com,true
portugalio.com,true
sportingviana.blogspot.com,true
ecletico.blogspot.com,true
indekx.com,false
iiss.org,false
trafficbot.uk,true
causareal.pt,false
isi.org,true
parafrasefacil.blogspot.com,true
atascadotijoao.blogspot.com,true
brasil-americadosul.blogspot.com,true
dissentmagazine.org,false
revistarisco.pt,true
ultimoreduto.blogspot.com,false
li.com,true
kyrie-irvingshoes.us.com,false
700milhoes.blogspot.com,true
almaviva.blogspot.com,true
de-si-para-si.blogspot.com,true
classepolitica.blogspot.com,true
blogoparcial.blogspot.com,true
varandasdomontado.blogspot.pt,true
observador.pt,true
oportugalfuturo.blogspot.com,true
tralapraki.blogspot.com,true
temos-que-falar.blogspot.com,true
jemantiaindrai.blogspot.com,true
interaccao.com,false
fco.gov.uk,false
montecabecagorda.com,false
netbynet.ru,false
hollisteruk.in.net,false
bandarra-bandurra.blogspot.com,true
idn.gov.pt,true
joaopedrodias.net,false
utl.pt,false
the-american-interest.com,true
avozportalegrense.blogspot.com,true
amonarquiadonorte.blogspot.com,true
bestuggboots.com,false
olhardireito.blogspot.com,true
umbloguedocaracas.blogspot.com,true
transparency.org,true
passaleao.blogspot.com,true
textospra.blogspot.com,true
velcrodesign.com,true
expresso.pt,true
oblogdoestevao.blogspot.com,true
certasdivergencias.blogspot.com,true
farmaciadeservico.com,true
homocivicus.blogspot.com,true
iea.org.uk,true
thoughtinchaos.blogspot.com,true
bibliotecariodebabel.com,false
diarioeconomico.com,true
carnegieendowment.org,true
knowledgereignssupreme.blogspot.pt,true
eleitorxis.blogspot.com,true
aninhassaberviver.blogspot.com,true
atascadocherba.com,false
timoteoshel.blogspot.com,true
wehavekaosinthegarden.blogspot.pt,true
michaelseufert.com,false
bxalentejo.blogspot.com,true
ocabecadecao.blogspot.pt,true
samaaaa.com,false
jardinseparquesdeportugal.blogspot.com,true
rolexwatchesoutlet-inc.com,false
w3d-almadina.com,false
povazanphotography.com,true
prospect-magazine.co.uk,false
fogotabrase.blogspot.com,true
oakley-sunglasses.me.uk,false
unidos-com-bengalinha.blogspot.com,true
maisactual.blogspot.com,true
setegrausnegativos.blogspot.co.uk,true
ipri.pt,false
hrportugal.pt,true
insanityworkouts-calendar.com,false
largodasalteracoes.blogspot.com,true
vianadoalentejo.blogspot.com,true
democraciaportuguesa.org,true
nucleomonarquicoabrantes.blogspot.com,false
guccioutletonline.name,false
blueloungecafe.blogspot.com,true
blogluzevida.blogspot.com,true
pleitosapostilas.blogspot.com,true
longchamp-handbags.com.co,false
escondo-mealuzdasestrelas.blogspot.com,true
louis-vuitton-handbags.us.com,false
comquemsporting.blogspot.pt,true
realistas.org,false
criativemo-nos.blogspot.com,true
louis-vuittonhandbags.org.uk,false
ocanhoto.blogspot.com,true
vodka-atonito.blogspot.com,true
telegraph.co.uk,true
grandelojadoqueijolimiano.blogspot.com,true
automonitor.pt,true
aquientrenos.blogspot.com,true
5dias.net,true
instylercurlingiron.com,false
jovensdorestelo.blogspot.com,true
cheapwholesaleuggboots.com,false
rolexwatches-formen.com,false
sathyasai.org.br,true
meninamarota.blogspot.com,true
contra-a-corrente.blogspot.com,true
sargacal.com,false
avenida-liberdade.blogspot.com,true
matria-minha.blogspot.com,true
noblesseetroyautes.com,false
cocanha.blogspot.com,true
corporacoes.blogspot.com,true
arvoresdespidas.blogspot.com,true
theportugueseeconomy.blogspot.com,true
claudio-carvalho.com,false
lisboasos.blogspot.com,true
lisboa-telaviv.blogspot.com,true
terapiadoriso.pt,true
blog-de-causas.blogspot.com,true
scalaregia.blogspot.com,true
espacohistorico.blogspot.com,true
cenicoamadoralcacovas.blogspot.pt,true
filhosdesalo.blogspot.com,true
ionline.pt,true
proa-ao-mar.blogspot.pt,true
casasnocampo.net,true
vousair.com,false
caocomotu.net,false
aspirinab.com,true
vizinho.blogspot.com,true
ladroesdebicicletas.blogspot.com,true
ferragamobelt.us.com,false
reinadodecarlosii.blogspot.com,true
quadrant.org.au,true
royal-portraits.blogspot.com,true
avenidacentral.blogspot.com,true
wilsoncenter.org,true
democracyjournal.org,true
larafrancoblog.blogspot.pt,true
seraqueosanjostemsexo.blogspot.com,true
oscarvalhosdoparaiso.blogspot.com,true
araduca.blogspot.com,true
combustoes.blogspot.com,true
christianlouboutin-outlet.me.uk,false
fimisterra.blogspot.com,true
malomil.blogspot.pt,true
asvicentinasdebraganza.blogspot.com,true
politico.com,true
terramae.pt,false
charneca-da-peralva.blogspot.com,true
aagora.blogspot.com,true
neuroniocriativo.pt,true
gucci-outlet.net.co,false
voarpreciso.blogspot.com,true
thepiratebay.org,true
tempocontado.blogspot.pt,true
tribuna-leonina.com,true
semanarioeconomico.com,false
mentesdespertas.blogspot.com,true
viriatos.blogspot.com,true
publico.pt,true
i-looked.blogspot.com,true
oregabofe.blogspot.com,true
prosimetron.blogspot.com,true
worldsecuritynetwork.com,true
omelhoralentejodomundo.blogspot.com,true
arviciado.blogspot.com,false
newcriterion.com,true
celestialvoicesinc.com,true
lebronjamesshoe.com,false
aterceiranoite.org,false
bmeia.gv.at,true
nikecortez.us.com,false
rayviolet2.blogspot.com,true
barbeariaideal.blogspot.com,true
matermatuta.blogspot.com,true
joshuaquim7.blogspot.com,true
iwpr.net,true
dmkrt.blogspot.com,true
almas-mortas.blogspot.com,true
alamedadigital.com.pt,false
cheapvansshoesoutlet-store.com,false
codfishwaters.com,false
nafarricos.blogspot.com,true
escreveretriste.com,false
biz.ly,true
andancasmedievais.blogspot.com,true
artvinyl.com,true
hoover.org,true
a-leiseca.blogspot.com,true
solaresdeportugal.pt,true
imperiodadescrenca.blogspot.com,false
mastersofthespiritworld.com,true
the-american-times.com,false
casalmisterio.com,true
chezgeorgesand.blogspot.com,true
arrastao.org,false
courrierinternacional.com.pt,false
dn.pt,true
tsf.pt,true
khoura.blogspot.com,true
acampanhapermanente.blogspot.com,true
cachimbodemagritte.com,false
a-terceira-via.blogspot.com,true
madmimi.com,true
ipsnews.net,true
companhiademocambique.blogspot.com,true
theliberal.co.uk,false
geovisites.com,true
blasfemias.net,true
lusa.pt,false
leonino.pt,true
vieiracalado-poesia.blogspot.com,true
aoutravarinhamagica.blogspot.com,true
nokiafree.org,true
lobidocha.com,false
bostonreview.net,true
alcacovasatleticoclube.blogspot.pt,true
kfxds.com,false
deli-tachi.com,false
huishoujinyan.com,false
qlmyxxjpx.com,false
wxbkw.com,false
lxdbw.com,false
maxosinc.com,false
camilleensuede.com,true
sylfmy.com,false
aqxinyu.com,false
jvmebo.live,false
rg473.com,false
zhaoxiaoshuo.com,false
girlspt.com,false
chxyq.com,false
hanzify.org,true
tadu.com,true
kanshu.com,false
taihaikj.com,false
qidian.com,true
baic.gov.cn,false
philosophersnet.com,false
topbaas.com,false
davidregantile.com,false
hbhyhl.cn,false
allyes.com,false
planetaclix.pt,false
jccxdq.com,false
chlin.com.tw,true
snaapa.com,false
b2cpm.com,false
rrfrr.xyz,false
ctsbw.com,false
fzboat.com,false
pku.edu.cn,false
78.cn,false
3000.com,false
ygbeibei.com,false
158153.com,false
china-ef.com,false
sina.cn,true
bjxfj.gov.cn,false
sputniknews.cn,false
xysuye.com,false
wutaiquan.cn,true
meishitui.com,false
125visa.com,true
baidajob.com,false
doucha.com,false
nanhudao.cn,false
gzfttm.icu,false
bodytofoots.com,false
sz0796.com,false
mersadweb.com,false
chinazpsjz.com,false
hakhly.com,false
hiapk.com,false
asmm.gov.cn,false
yoyo179.com,false
te.com.cn,false
tiyuxiu.com,false
sinanet.com,false
hawbdt.com,false
shengze.cn,true
cma.cn,false
51nb.com,false
feihuo.com,true
jbbaidu.com,false
tzomeu.live,false
cwtpde.live,false
daguanyaji.com,false
31siwang.com,false
tsguanghua.com,false
yiercm.com,false
haogongzhang.com,true
msdnwebcast.com.cn,false
luomilaide.com,false
fengone.com,false
tujia.com,true
mipang.com,true
honey-web.com,false
china.com,true
zjxq.cn,true
meidebi.com,true
0791jr.com,true
qxkp.net,false
iseeyu.com,true
iso-medical.com.cn,false
yuchuxiang518.com,false
baiyouyuan1688.com,false
hezhongkonggu.com,false
yingbaguoji.com,false
yuyang-zh.com,false
tmtpost.com,true
ufimix.com,false
noproblemionbalance.com,true
98tc.net,false
ilovematlab.cn,true
lpdtlf.live,false
knet.cn,false
xxldy.com,false
yuanlin001.com,false
0577ye.com,false
czsxhmy.com,false
wobangzhao.com,false
6.cn,true
duba.com,false
udtpip.live,false
ifeng.com,false
cpjirui.com,false
grimwilkins.com,false
zjsis.com,false
zdx.app,false
zwijsr.live,false
panguso.com,false
hzjsw.net,false
razjva.icu,true
ctbuildingimages.com,false
motie.com,false
dailot.com,true
yigouf.com,false
360.com,true
analyst-network.com,false
zentlkvl-web-02.cloudapp.net,false
17k.com,false
examw.com,true
mbiecl.com,false
amberedusz.com,false
wanshifu.com,true
unipus.cn,false
360.cn,true
0916001.com,false
buyuxx.com,false
zafirptc.com,false
jianfengtex.com,false
faloo.com,true
artron.net,true
bordercollie.cn,true
tpcaix.tw,false
soku.com,false
dji.com,true
ft.fan,true
jkdiban.com,false
espruino.cn,false
zcmind.com,true
ichangjia.com,false
kjcbo.com,false
ga8a.com,true
xmude.com,true
sosoled.com,false
srfmk.com,false
114la.com,true
10086.win,true
hzxintong.com,false
univs.cn,false
dqzdhw.com,true
balitravelholiday.com,false
hongniang.com,true
hxd86235757.com,false
yelinmall.cn,false
kiwepublishing.com,false
360shouji.com,true
chineseinvegas.com,false
zqbckuw.com.cn,false
twtrkj.cn,false
21hor.com,false
790598.live,true
pytsc.com,false
51dkq.com,false
wxdzs.net,true
afwsale.com,false
cnki.net,true
zhufuyudaquan.cn,true
xrhxhb.com,false
lftmab.tw,false
tiancisjj.com,false
77wenku.com,true
cmwy56.com,false
jlgwyw.org,false
longfeng021.net,false
1kaishi.com,true
w1ly.com,false
dashuyoule.com,false
wbiao.cn,true
banbijiang.com,false
juejin.im,true
atsec.cn,false
71.cn,false
maxlaw.cn,false
wz021.net,false
hao120.cc,false
virscan.org,true
tarasyalta.com,false
360book.com,false
yijuzhe.com,true
yx7088.com,true
lkong.net,false
bdhytj.com,false
meb.com,true
bright-lighting.com,false
gshlcy.cn,false
getcommunications.co.nz,false
nmghwh.com,false
go8go88go8.com,false
haljl.com,true
jiankang.cn,false
ashsn419.com,false
vckdim.tw,false
dgfmfzp.com,false
so.com,true
chinaren.com,false
1v2v3v.com,false
it1352.com,false
mangmin.com,false
ahsrst.cn,false
udnbkk.com,false
monsterandcritics.com,false
56.com,true
shangshanyizao.com,false
jike.com,false
dayu.com,true
zhongmucaifu.com,false
sdhyyeya.com,false
xac4.com,false
hongshu.com,true
androidauthority.com,true
westmama.com,false
iwenfeng.cn,true
weizhuannet.com,true
ruikebao.com,false
eggnow.com,true
avbaaz.live,false
compunoticias.com,false
3gsc.com.cn,false
ccpitqd.com,false
toysdaily.com,false
weixinhow.com,true
jmstar.net,false
rakuzen-kakinuma.com,false
4756358.live,true
cn-kdkj.com,true
bayueju.com,false
27.cn,false
neixiangshequ.cn,false
quanben.vip,false
memphisu.com,false
www.gov.cn,true
zhangyongmi.cn,false
2030525.live,true
carxzzc.com,false
jingguan.ai,false
tencentmind.com,false
c-400.net,false
cdhy268.com,false
xgame.org.cn,false
ws2008.net,false
azzeus.com,false
drcbuu.icu,true
false10.com,false
kekenet.com,false
917447.live,true
sunnyheating.com,false
thesis4u.com,false
4399.com,true
36mcp.com,false
sogou.com,true
ywknw.cn,false
talents.fr,false
jacxw.com,false
wn789.com,true
edutime.net,false
shuhai.com,false
qianayingo.com,true
lyuepay.com,false
paranojarecords.com,true
kemic-al.com,false
devildaredmeto.com,false
english.gov.cn,false
vircloud.net,true
vip31111.com,false
latticesemi.com,true
langfine.com,false
thedapperduo.com,false
34ft4485.icu,false
weinotes.com,true
anhui-kuaiji.com,true
cz001.com.cn,false
niuyou5.com,false
zfrontier.com,true
95gm.com,true
chandleryardmaintenance.com,false
kbv5.com,false
gzghdl.com,false
soupsquad.com,false
zdmddd.com,false
buyigur.com,false
kys.la,false
hcoupling.com,false
myxsw.com,false
honeywell.com,true
0314pq.com,false
trustutn.org,true
zhutiexiangtongzhamen.com,false
youku.com,true
jiaju.com,true
eda365.com,true
nxliq.tw,false
lpfp.pt,false
hao123.com,false
huayilighting.com,false
Sogou.com,true
bigbaicai.com,false
su9er.com,false
maxthon.cn,true
hiiibrand.com,false
solar56.com,false
ibipnetwork.com,false
zhongguojie.org,true
anarosas.com,false
canlidizi1.com,false
xuchengfangfu.com,false
mzyfz-news.com.cn,false
zw13.net,false
youngbrothersjazz.com,false
beony.com,false
sjsmh.net,false
imlady.cn,false
galeox.com,false
duozhuayu.com,false
1jzx.com,false
sznnlb.com.cn,true
fanghw.com,true
foopit.com,false
elongstatic.com,false
rz-industry.com,false
hfcp1188.com,false
kozmyk.com,false
clcindex.com,false
uuu9.com,false
bookso.net,true
znds.com,false
1point3acres.com,true
360kuai.com,true
cdlss.com,false
mycanal.fr,false
weather.com.cn,false
snxx.com,false
yp.net.cn,false
weathercn.com,false
huxiu.com,true
unsv.com,true
xizang6.com,false
itjuzi.com,true
xafc.com,true
linji.cn,true
cncnews.cn,false
mantidbeetle.com,false
ruby-china.org,true
texnet.com.cn,false
quanbenwan.com,false
sm.cn,false
sltopnews.com,false
koufumianbao.com,false
qwsy.com,false
belmar-fitness.com,false
yitongsteel.cn,true
s365w2.com,false
sdu.edu.cn,true
leodoss.com,false
bgjck.com,false
etjy.com,false
csyhf.com,false
0871.cm,false
doubanio.com,false
rfd08.com,false
shangjilian.com,false
casaricalux.com,false
llriei.icu,true
fashion-bar.info,false
lc0898.com,true
iqilu.com,false
djtjz.com,false
jieqinwang.com,true
frugalurbanite.com,false
kaixueya.com,false
lianyi.com,true
txooo.com,false
sdwin.cn,false
baidu.com,true
23yue.cn,false
taexe.com,true
dgyifansl.com,false
bianminwang.com,true
cnst-pumps.com,false
bensusuancaiyu.com,false
desi2ube.com,false
crhoneymoon.com,false
12321.cn,true
ruochu.com,false
yukeyb.com,false
tilidi.com,false
youdao.com,true
91banse.net,false
361sport.com,false
msweekly.com,false
kedoujixie.com,false
iimedia.cn,false
laifeng.com,true
douqq.com,true
123ppp.com,true
jmwz.net,true
sh-zhiren.com,false
customs.gov.cn,false
yizheng.gov.cn,false
huimingcz.com,false
lff77.com,false
ett-cn.com,false
aqfvy.com,false
ynmtzs.com,false
host-bb.com,false
sohu.com,true
7m.com.cn,true
toutiao.com,true
zhulang.com,true
mygoodspec.com,false
0515bdf.com,false
delixi-bj.com,false
shanzhuyu.com.cn,false
soso.com,false
cs.com.cn,false
ytyounger365.com,false
tobewh.com,false
everytown.info,false
taobaowangmall.com,false
hc360.com,true
1006aa.com,true
enterdesk.com,true
zcmimsz.com,false
xiaoqin.net,false
wxjlsbkj.com,false
ruijiguanggao.com,false
360safe.com,false
gzjiaxiyue.cn,false
yclg.net,false
haosou.com,true
hexun.com,false
codercto.com,true
adaeve.live,false
shinefish.com.tw,false
ub58.com,true
nonobank.com,false
ptdtdln.icu,false
gracg.com,true
rain8.com,false
gzsshotel.com,false
simol.cn,true
shybcj.com,true
cyegd.com,false
zbbxrz.tw,false
yunyoujun.cn,true
lczscq.com,false
wudaofu532.com,false
bedforavet.com,false
tencent.com,false
heiyan.com,true
24k99.com,true
ting85.com,false
fncalm.live,false
010es.cn,false
livewatchfootball.com,false
qpddsq.tw,false
ecitic.com,false
peiyinlianmeng.com,false
imsa.cn,false
spa51.com,false
xm98.com,false
terrylynnmeyer.com,false
knewsmart.com,true
jiliqizhong.com,false
koensyoukai.com,false
dchome.net,false
yboled.com,false
chinatago.com,false
kitstown.com,false
5dada.com,false
findbeaner.org,false
buyretrotoys.com,false
nellpv.live,false
grpmjm.live,false
guancha.cn,false
roberttetlow.com,false
eben.cn,false
h-dfa.com,false
luolong.gov.cn,false
jp1860focuso.fun,false
571r3.com,false
newdu.com,false
ahzyw.com,false
17read.com,false
allfacebookstats.com,true
hit.edu.cn,true
jshms.net.cn,false
shandongkaisheng.com,false
fxdefgjc.cn,false
wuzhouds.com,false
52waha.com,true
anzhi.com,false
qihoo.com,false
69xiu.com,true
nljcf.com,false
chezaijianghu.com,false
flightclub.cn,true
jihegear.com,false
hepsiniizle.com,false
wx-chunpin.cn,false
takefoto.cn,false
wintai.com,false
fobeton.com,false
dqmlm.cn,false
km.com,true
hidenwealth.com,false
163.com,false
kexinyun.org,false
cyqingjian.com,false
walterkg.com,false
w4emo.com,false
lvmama.com,false
xingfeng.org,true
google.com.hk,true
yingyuwebc.com,false
yuwenkeneiwai.com,false
guizhouxw.com,false
woexam.com,false
dyqcw.com,false
qikan1.cn,false
86jsblp.com,false
dianzi6.com,false
chinaso.com,false
smtbelt.com,false
sogoucdn.com,false
hmzswl.cn,false
djLuicidaL.com,false
sukezhong.com,false
joyopiao.com,false
man-huo.com,false
tarpea.org.tw,false
banjuan.org,false
huanwen.com,false
teasoo.com,false
loveineurope.com,false
sofang.com,true
lofter.com,false
gzxingshilawyer.com,false
gttitt.com,false
360os.com,false
kelantec.com,false
huihui.cn,false
073151.com,false
pgst.com.cn,false
chinahrd.net,false
jrj.com.cn,false
banlizhizhao.com,false
qudong.com,false
mollyhillig.com,false
shanxidajian.com,false
44.link,false
cdstpsxqxx.com,false
xinhuanet.com,false
star1990.com,false
2k2q66.cn,false
joyulf.com,false
zhoushan.cn,false
lcs-labs.com,false
aijiebiaoshi.com,false
xshga.com,false
yzdfyy.com,false
gommcc.com,false
atgphotos.com,false
take-ez.com,false
gamersky.com,false
qulishi.com,false
cssn.cn,false
twmeme.com,false
aneef.net,false
miaoche.com,false
regwow.com,false
qyftth.com,false
5abk.com,false
cqtmjz.cn,false
